{
  "standard_code": {
    "mean": 0.052949992497762034,
    "std": 0.010780524974244025,
    "ci95_low": 0.044076107025146416,
    "ci95_high": 0.06812333106994628,
    "n_seeds": 3
  },
  "standard_med": {
    "mean": 0.0510789585113525,
    "std": 0.01288823035821289,
    "ci95_low": 0.03474801254272453,
    "ci95_high": 0.0662540588378906,
    "n_seeds": 3
  },
  "high_code": {
    "mean": 0.11783361180623371,
    "std": 0.03061413236585096,
    "ci95_low": 0.0748372535705566,
    "ci95_high": 0.14372753143310546,
    "n_seeds": 3
  },
  "high_med": {
    "mean": 0.22830081621805828,
    "std": 0.1016422408606031,
    "ci95_low": 0.09381098556518552,
    "ci95_high": 0.3394898071289063,
    "n_seeds": 3
  },
  "within_code": {
    "mean": 0.04837967300415036,
    "std": 0.00020562099714498393,
    "ci95_low": 0.04820051383972168,
    "ci95_high": 0.04866761207580561,
    "n_seeds": 3
  },
  "within_medical": {
    "mean": 0.14657420285542805,
    "std": 0.02718673745080738,
    "ci95_low": 0.1092937831878662,
    "ci95_high": 0.17335724830627441,
    "n_seeds": 3
  }
}