{
  "teacher": "EleutherAI/pythia-1.4b",
  "student": "EleutherAI/pythia-1.4b",
  "domains": [
    "medical",
    "code"
  ],
  "importance_cosine": 0.9910812377929688,
  "imp_a": [
    1.0,
    0.9230286205520493,
    0.8671982813287662,
    0.8226861406210008,
    0.7801988951860924,
    0.6905331237555257,
    0.6976572280038105,
    0.6520007461230689,
    0.6514011427895589,
    0.6330806887224876,
    0.5679034127617317,
    0.464552109238702,
    0.3914649800123186,
    0.34361658649210675,
    0.34476104830727194,
    0.31700933573014695,
    0.3017911320310178,
    0.3206481229961489,
    0.29504888483083797,
    0.2999325467094985,
    0.25246838312901876,
    0.2509777477282663,
    0.23769187987069987,
    0.26557832724799324,
    0.0,
    0.0,
    0.0,
    0.0,
    0.0,
    0.0,
    0.0,
    0.0
  ],
  "imp_b": [
    1.0,
    0.784176481434268,
    0.6567372276856747,
    0.5679734276489451,
    0.537915029864992,
    0.48214552430403335,
    0.47427068416509827,
    0.4636095626820623,
    0.47300236556499803,
    0.4655817945582749,
    0.4136717840258425,
    0.33555820858065577,
    0.2820710390813305,
    0.25153865624954025,
    0.2447369323104168,
    0.23227981186390137,
    0.22247667391104023,
    0.2282319015669594,
    0.2127254059906533,
    0.20132084831833333,
    0.1731146379821098,
    0.1742457589819359,
    0.16891216993164476,
    0.16404520548108323,
    0.0,
    0.0,
    0.0,
    0.0,
    0.0,
    0.0,
    0.0,
    0.0
  ],
  "no_exchange": {
    "a_self": 0.878,
    "a_cross": 0.514,
    "b_self": 0.768,
    "b_cross": 0.745
  },
  "noise_control": {
    "net": -0.010000000000000009,
    "a_self": 0.878,
    "a_cross": 0.511,
    "b_self": 0.761,
    "b_cross": 0.745
  },
  "fedavg": {
    "alpha": 0.1,
    "net": 0.06099999999999994,
    "a_self": 0.878,
    "a_cross": 0.601,
    "b_self": 0.729,
    "b_cross": 0.758
  },
  "afp_oneshot": {
    "tau": 0.3,
    "net": -0.10899999999999999,
    "a_self": 0.875,
    "a_cross": 0.523,
    "b_self": 0.523,
    "b_cross": 0.875
  },
  "ivn": {
    "tau": 0.5,
    "lr": 1e-05,
    "rounds": 1,
    "trajectory": [
      2.1077167909547372e-05
    ],
    "a_self": 0.875,
    "a_cross": 0.523,
    "b_self": 0.523,
    "b_cross": 0.875,
    "net": -0.10899999999999999
  }
}