{
  "teacher": "EleutherAI/pythia-1.4b",
  "student": "EleutherAI/pythia-1.4b",
  "domains": [
    "medical",
    "code"
  ],
  "importance_cosine": 0.9958770871162415,
  "imp_a": [
    1.0,
    0.7987725688055253,
    0.6489748590341138,
    0.5552922373284553,
    0.5481246080981195,
    0.4978819586671363,
    0.47968201178372366,
    0.46927710170021847,
    0.48470207898772233,
    0.47761524126340776,
    0.42953864668614133,
    0.34307245700675265,
    0.290872995359313,
    0.2519490439704259,
    0.2486128040834765,
    0.22887068469544788,
    0.22045052852826616,
    0.2187891455115405,
    0.20962821723354572,
    0.20596036613350122,
    0.1796186819556744,
    0.17995038057707619,
    0.1719645024219783,
    0.1695482202715624,
    0.0,
    0.0,
    0.0,
    0.0,
    0.0,
    0.0,
    0.0,
    0.0
  ],
  "imp_b": [
    1.0,
    0.719824827068858,
    0.6366138087907192,
    0.5854521456119831,
    0.5709802406188403,
    0.5520314250327496,
    0.5545479314933169,
    0.5452537246617787,
    0.5599334986722789,
    0.5598883412854844,
    0.5159492405815266,
    0.40363253925485343,
    0.34301884755173656,
    0.289626337330989,
    0.28705554773970415,
    0.27225222051444153,
    0.2588657379327107,
    0.2624858643062322,
    0.24026740509164046,
    0.23816531084554735,
    0.2067564355583368,
    0.2042182413351394,
    0.19240950067606424,
    0.18988323148953512,
    0.0,
    0.0,
    0.0,
    0.0,
    0.0,
    0.0,
    0.0,
    0.0
  ],
  "no_exchange": {
    "a_self": 0.882,
    "a_cross": 0.619,
    "b_self": 0.751,
    "b_cross": 0.701
  },
  "noise_control": {
    "net": -0.0030000000000000027,
    "a_self": 0.882,
    "a_cross": 0.618,
    "b_self": 0.749,
    "b_cross": 0.701
  },
  "fedavg": {
    "alpha": 0.1,
    "net": 0.014000000000000012,
    "a_self": 0.882,
    "a_cross": 0.619,
    "b_self": 0.731,
    "b_cross": 0.735
  },
  "afp_oneshot": {
    "tau": 0.3,
    "net": -0.1489999999999999,
    "a_self": 0.875,
    "a_cross": 0.523,
    "b_self": 0.552,
    "b_cross": 0.854
  },
  "ivn": {
    "tau": 0.5,
    "lr": 1e-05,
    "rounds": 1,
    "trajectory": [
      2.8780652102728956e-06
    ],
    "a_self": 0.875,
    "a_cross": 0.523,
    "b_self": 0.523,
    "b_cross": 0.874,
    "net": -0.15799999999999992
  }
}