{
  "teacher": "EleutherAI/pythia-1.4b",
  "student": "EleutherAI/pythia-1.4b",
  "domains": [
    "medical",
    "code"
  ],
  "importance_cosine": 0.9961310029029846,
  "imp_a": [
    1.0,
    0.38180361038898963,
    0.21187789004530203,
    0.17536169205081883,
    0.12240949584753737,
    0.10146472375782516,
    0.09665637065962022,
    0.08097711301255509,
    0.06995604827021869,
    0.07189093635422368,
    0.0778833073412827,
    0.07642593325911382,
    0.07476661855598668,
    0.06984813007062365,
    0.07607685043421347,
    0.08050739756152354,
    0.08226052211618493,
    0.0843987394492412,
    0.08079167026536313,
    0.08252883209238433,
    0.07858493683444062,
    0.07689106350701994,
    0.08310111942794332,
    0.12211208525780236,
    0.0,
    0.0,
    0.0,
    0.0,
    0.0,
    0.0,
    0.0,
    0.0
  ],
  "imp_b": [
    1.0,
    0.3780708716557218,
    0.19195559386110872,
    0.14402805142955882,
    0.12351512003584231,
    0.11216773372554018,
    0.1069855097320013,
    0.09704392996620166,
    0.10008068054939868,
    0.10113667606551795,
    0.1004548647722117,
    0.10444018347120909,
    0.11042471991535156,
    0.11775960939875241,
    0.10838112729754372,
    0.1042928536457368,
    0.10575285812689643,
    0.09560453685696843,
    0.09375714973566879,
    0.09370059874924051,
    0.0800368455449255,
    0.07644154320242674,
    0.08755738772348881,
    0.12591698578241403,
    0.0,
    0.0,
    0.0,
    0.0,
    0.0,
    0.0,
    0.0,
    0.0
  ],
  "no_exchange": {
    "a_self": 0.878,
    "a_cross": 0.514,
    "b_self": 0.768,
    "b_cross": 0.745
  },
  "noise_control": {
    "net": -0.0020000000000000018,
    "a_self": 0.878,
    "a_cross": 0.519,
    "b_self": 0.761,
    "b_cross": 0.745
  },
  "fedavg": {
    "alpha": 0.1,
    "net": 0.06499999999999995,
    "a_self": 0.876,
    "a_cross": 0.606,
    "b_self": 0.73,
    "b_cross": 0.758
  },
  "afp_oneshot": {
    "tau": 0.3,
    "net": -0.10899999999999999,
    "a_self": 0.875,
    "a_cross": 0.523,
    "b_self": 0.523,
    "b_cross": 0.875
  },
  "ivn": {
    "tau": 0.5,
    "lr": 1e-05,
    "rounds": 1,
    "trajectory": [
      2.339576812292826e-05
    ],
    "a_self": 0.875,
    "a_cross": 0.523,
    "b_self": 0.523,
    "b_cross": 0.875,
    "net": -0.10899999999999999
  }
}