{
  "teacher": "EleutherAI/pythia-1.4b",
  "student": "EleutherAI/pythia-1.4b",
  "domains": [
    "medical",
    "code"
  ],
  "importance_cosine": 0.947885274887085,
  "imp_a": [
    1.0,
    0.7136049579611681,
    0.4748533523036765,
    0.37943466811472726,
    0.35097254371638825,
    0.3160082049465821,
    0.2811075361478619,
    0.2652494040700128,
    0.2613736792954291,
    0.24922701924675206,
    0.23033270622844412,
    0.183316569695737,
    0.1507408071998651,
    0.1338349386513719,
    0.13327515821883593,
    0.12111297423061268,
    0.11378449899197858,
    0.12843575183474867,
    0.11706779263605624,
    0.12054026195520612,
    0.09698284236606716,
    0.09969342256113117,
    0.09352469939934382,
    0.10639956513397646,
    0.0,
    0.0,
    0.0,
    0.0,
    0.0,
    0.0,
    0.0,
    0.0
  ],
  "imp_b": [
    1.0,
    0.719824827068858,
    0.6366138087907192,
    0.5854521456119831,
    0.5709802406188403,
    0.5520314250327496,
    0.5545479314933169,
    0.5452537246617787,
    0.5599334986722789,
    0.5598883412854844,
    0.5159492405815266,
    0.40363253925485343,
    0.34301884755173656,
    0.289626337330989,
    0.28705554773970415,
    0.27225222051444153,
    0.2588657379327107,
    0.2624858643062322,
    0.24026740509164046,
    0.23816531084554735,
    0.2067564355583368,
    0.2042182413351394,
    0.19240950067606424,
    0.18988323148953512,
    0.0,
    0.0,
    0.0,
    0.0,
    0.0,
    0.0,
    0.0,
    0.0
  ],
  "no_exchange": {
    "a_self": 0.886,
    "a_cross": 0.614,
    "b_self": 0.751,
    "b_cross": 0.701
  },
  "noise_control": {
    "net": -0.0020000000000000018,
    "a_self": 0.886,
    "a_cross": 0.613,
    "b_self": 0.748,
    "b_cross": 0.703
  },
  "fedavg": {
    "alpha": 0.1,
    "net": -0.018000000000000016,
    "a_self": 0.877,
    "a_cross": 0.606,
    "b_self": 0.726,
    "b_cross": 0.725
  },
  "afp_oneshot": {
    "tau": 0.3,
    "net": -0.8079999999999999,
    "a_self": 0.876,
    "a_cross": 0.528,
    "b_self": 0.615,
    "b_cross": 0.125
  },
  "ivn": {
    "tau": 0.5,
    "lr": 1e-05,
    "rounds": 1,
    "trajectory": [
      7.5845420309726515e-06
    ],
    "a_self": 0.875,
    "a_cross": 0.523,
    "b_self": 0.523,
    "b_cross": 0.875,
    "net": -0.15599999999999992
  }
}